Last_Three_Digits,Date,Month,Years,First_Price,Last_Two_Digits_Upper,Three_Digits_Upper,Last_Two_Digits_Under,Datetime,day_of_week,weekday_name
559 626 098 654,16,11,2567,187221,21,221,38,2024-11-16,5,เสาร์
036 923 547 980,1,11,2567,536044,44,44,32,2024-11-01,4,ศุกร์
174 225 063 231,16,10,2567,482962,62,962,0,2024-10-16,2,พุธ
561 648 493 919,1,10,2567,718665,65,665,59,2024-10-01,1,อังคาร
053 812 079 566,16,9,2567,608662,62,662,37,2024-09-16,0,จันทร์
230 904 008 408,1,9,2567,199606,6,606,94,2024-09-01,6,อาทิตย์
173 220 094 388,16,8,2567,95867,67,867,28,2024-08-16,4,ศุกร์
212 334 697 728,1,8,2567,407041,41,41,46,2024-08-01,3,พฤหัสบดี
408 579 070 622,16,7,2567,367336,36,336,21,2024-07-16,1,อังคาร
011 331 421 618,1,7,2567,434503,3,503,89,2024-07-01,0,จันทร์
839 975 647 778,16,6,2567,518504,4,504,31,2024-06-16,6,อาทิตย์
016 428 426 447,1,6,2567,530593,93,593,42,2024-06-01,5,เสาร์
194 364 421 734,16,5,2567,205690,90,690,60,2024-05-16,3,พฤหัสบดี
747 885 070 137,2,5,2567,980116,16,116,17,2024-05-02,3,พฤหัสบดี
104 763 634 833,16,4,2567,943598,98,598,79,2024-04-16,1,อังคาร
727 729 154 200,1,4,2567,803481,81,481,90,2024-04-01,0,จันทร์
122 809 559 947,16,3,2567,997626,26,626,78,2024-03-16,5,เสาร์
509 571 329 794,1,3,2567,253603,3,603,79,2024-03-01,4,ศุกร์
900 975 382 703,16,2,2567,941395,95,395,43,2024-02-16,4,ศุกร์
056 330 375 587,1,2,2567,607063,63,63,9,2024-02-01,3,พฤหัสบดี
454 943 544 591,17,1,2567,105979,79,979,61,2024-01-17,2,พุธ
429 931 196 635,30,12,2566,625544,44,544,89,2023-12-30,5,เสาร์
600 648 456 882,16,12,2566,356757,57,757,85,2023-12-16,5,เสาร์
058 410 584 964,1,12,2566,251097,97,97,91,2023-12-01,4,ศุกร์
055 265 092 280,16,11,2566,557990,90,990,14,2023-11-16,3,พฤหัสบดี
346 412 778 961,1,11,2566,743951,51,951,63,2023-11-01,2,พุธ
335 913 019 349,16,10,2566,931446,46,446,44,2023-10-16,0,จันทร์
167 398 272 970,1,10,2566,727202,2,202,66,2023-10-01,6,อาทิตย์
324 355 426 615,16,9,2566,320812,12,812,46,2023-09-16,5,เสาร์
037 699 057 344,1,9,2566,915478,78,478,91,2023-09-01,4,ศุกร์
521 596 291 692,16,8,2566,471782,82,782,67,2023-08-16,2,พุธ
431 739 737 742,31,7,2566,260453,53,453,11,2023-07-31,0,จันทร์
268 708 387 601,16,7,2566,169530,30,530,62,2023-07-16,6,อาทิตย์
261 384 066 780,1,7,2566,922605,5,605,16,2023-07-01,5,เสาร์
281 867 491 947,16,6,2566,264872,72,872,30,2023-06-16,4,ศุกร์
519 628 202 874,1,6,2566,125272,72,272,9,2023-06-01,3,พฤหัสบดี
000 681 386 971,16,5,2566,132903,3,903,99,2023-05-16,1,อังคาร
678 739 693 731,2,5,2566,843019,19,19,65,2023-05-02,1,อังคาร
500 780 187 269,16,4,2566,984906,6,906,71,2023-04-16,6,อาทิตย์
670 678 551 797,1,4,2566,87907,7,907,99,2023-04-01,5,เสาร์
111 914 290 698,16,3,2566,25873,73,873,73,2023-03-16,3,พฤหัสบดี
420 800 355 544,1,3,2566,417652,52,652,55,2023-03-01,2,พุธ
577 919 748 984,16,2,2566,590417,17,417,80,2023-02-16,3,พฤหัสบดี
195 664 377 523,1,2,2566,297411,11,411,92,2023-02-01,2,พุธ
181 789 101 664,17,1,2566,812519,19,519,47,2023-01-17,1,อังคาร
389 443 564 849,30,12,2565,157196,96,196,58,2022-12-30,4,ศุกร์
007 522 250 425,16,12,2565,845093,93,93,14,2022-12-16,4,ศุกร์
411 912 593 855,1,12,2565,375805,5,805,8,2022-12-01,3,พฤหัสบดี
170 786 409 421,16,11,2565,121789,89,789,64,2022-11-16,2,พุธ
532 722 157 973,1,11,2565,913106,6,106,70,2022-11-01,1,อังคาร
722 839 343 922,16,10,2565,613106,6,106,15,2022-10-16,6,อาทิตย์
037 158 606 799,1,10,2565,484669,69,669,50,2022-10-01,5,เสาร์
206 996 194 278,16,9,2565,943703,3,703,75,2022-09-16,4,ศุกร์
540 971 432 631,1,9,2565,929332,32,332,83,2022-09-01,3,พฤหัสบดี
298 725 210 604,16,8,2565,331583,83,583,42,2022-08-16,1,อังคาร
271 300 284 876,1,8,2565,436594,94,594,14,2022-08-01,0,จันทร์
266 893 282 447,16,7,2565,620405,5,405,53,2022-07-16,5,เสาร์
159 834 061 279,1,7,2565,981417,17,417,61,2022-07-01,4,ศุกร์
242 287 002 542,16,6,2565,361807,7,807,92,2022-06-16,3,พฤหัสบดี
285 549 106 228,1,6,2565,319196,96,196,2,2022-06-01,2,พุธ
679 817 213 652,16,5,2565,155012,12,12,6,2022-05-16,0,จันทร์
247 736 236 540,2,5,2565,658642,42,642,9,2022-05-02,0,จันทร์
518 778 041 325,16,4,2565,395919,19,919,58,2022-04-16,5,เสาร์
289 859 413 508,1,4,2565,970618,18,618,10,2022-04-01,4,ศุกร์
391 738 578 870,16,3,2565,737867,67,867,3,2022-03-16,2,พุธ
349 985 788 989,1,3,2565,61905,5,905,7,2022-03-01,1,อังคาร
236 834 234 691,17,2,2565,98597,97,597,57,2022-02-17,3,พฤหัสบดี
085 644 592 816,1,2,2565,944308,8,308,30,2022-02-01,1,อังคาร
061 942 485 509,17,1,2565,880159,59,159,92,2022-01-17,0,จันทร์
731 786 119 529,30,12,2564,819068,68,68,36,2021-12-30,3,พฤหัสบดี
591 979 419 547,16,12,2564,639235,35,235,83,2021-12-16,3,พฤหัสบดี
097 629 476 522,1,12,2564,77258,58,258,82,2021-12-01,2,พุธ
739 740 401 485,16,11,2564,32761,61,761,57,2021-11-16,1,อังคาร
471 648 245 844,1,11,2564,45037,37,37,95,2021-11-01,0,จันทร์
247 458 331 755,16,10,2564,386372,72,372,38,2021-10-16,5,เสาร์
602 964 295 798,1,10,2564,578171,71,171,83,2021-10-01,4,ศุกร์
285 361 379 449,16,9,2564,70935,35,935,90,2021-09-16,3,พฤหัสบดี
609 817 007 379,1,9,2564,114475,75,475,79,2021-09-01,2,พุธ
278 302 123 458,16,8,2564,46750,50,750,23,2021-08-16,0,จันทร์
421 666 160 355,1,8,2564,910261,61,261,69,2021-08-01,6,อาทิตย์
103 307 004 785,16,7,2564,556725,25,725,70,2021-07-16,4,ศุกร์
058 174 233 927,1,7,2564,713517,17,517,29,2021-07-01,3,พฤหัสบดี
073 794 414 511,16,6,2564,691861,61,861,17,2021-06-16,2,พุธ
007 054 447 668,1,6,2564,292972,72,972,45,2021-06-01,1,อังคาร
193 620 723 978,16,5,2564,684579,79,579,14,2021-05-16,6,อาทิตย์
615 843 276 970,2,5,2564,501272,72,272,18,2021-05-02,6,อาทิตย์
018 306 129 498,16,4,2564,100787,87,787,56,2021-04-16,4,ศุกร์
013 143 264 478,1,4,2564,472270,70,270,5,2021-04-01,3,พฤหัสบดี
283 755 393 577,16,3,2564,890422,22,422,19,2021-03-16,1,อังคาร
036 902 256 396,1,3,2564,835538,38,538,73,2021-03-01,0,จันทร์
290 838 051 806,16,2,2564,424603,3,603,39,2021-02-16,1,อังคาร
318 861 057 817,1,2,2564,912307,7,307,97,2021-02-01,0,จันทร์
248 605 282 651,17,1,2564,384395,95,395,15,2021-01-17,6,อาทิตย์
367 653 566 878,30,12,2563,803628,28,628,19,2020-12-30,2,พุธ
336 804 321 924,16,12,2563,201303,3,303,70,2020-12-16,2,พุธ
377 828 072 517,1,12,2563,100994,94,994,84,2020-12-01,1,อังคาร
093 776 834 984,16,11,2563,972661,61,661,46,2020-11-16,0,จันทร์
368 741 208 255,1,11,2563,506404,4,404,40,2020-11-01,6,อาทิตย์
154 598 062 245,16,10,2563,286051,51,51,38,2020-10-16,4,ศุกร์
189 464 045 980,1,10,2563,837893,93,893,59,2020-10-01,3,พฤหัสบดี
594 757 110 595,16,9,2563,244083,83,83,57,2020-09-16,2,พุธ
127 220 623 853,1,9,2563,999997,97,997,98,2020-09-01,1,อังคาร
636 725 342 957,16,8,2563,945811,11,811,88,2020-08-16,6,อาทิตย์
614 712 364 733,1,8,2563,569391,91,391,92,2020-08-01,5,เสาร์
575 931 578 809,16,7,2563,873286,86,286,53,2020-07-16,3,พฤหัสบดี
510 533 494 682,1,7,2563,347258,58,258,83,2020-07-01,2,พุธ
095 362 094 307,16,6,2563,516967,67,967,64,2020-06-16,1,อังคาร
876 882 565 625,1,6,2563,831567,67,567,24,2020-06-01,0,จันทร์
264 489 562 582,1,4,2563,51095,95,95,22,2020-04-01,2,พุธ
285 430 191 364,16,3,2563,503446,46,446,77,2020-03-16,0,จันทร์
258 726 404 661,1,3,2563,875938,38,938,98,2020-03-01,6,อาทิตย์
294 328 597 780,16,2,2563,781403,3,403,94,2020-02-16,6,อาทิตย์
515 952 030 918,1,2,2563,589227,27,227,6,2020-02-01,5,เสาร์
259 552 375 927,17,1,2563,491774,74,774,68,2020-01-17,4,ศุกร์
004 132 379 595,30,12,2562,510541,41,541,81,2019-12-30,0,จันทร์
116 382 140 250,16,12,2562,529924,24,924,97,2019-12-16,0,จันทร์
043 138 555 665,1,12,2562,453522,22,522,81,2019-12-01,6,อาทิตย์
261 617 013 457,16,11,2562,17223,23,223,32,2019-11-16,5,เสาร์
164 640 085 194,1,11,2562,967375,75,375,79,2019-11-01,4,ศุกร์
323 806 021 206,16,10,2562,812564,64,564,15,2019-10-16,2,พุธ
255 625 132 598,1,10,2562,691197,97,197,59,2019-10-01,1,อังคาร
392 920 606 797,16,9,2562,340388,88,388,85,2019-09-16,0,จันทร์
733 947 925 939,1,9,2562,798787,87,787,20,2019-09-01,6,อาทิตย์
210 847 274 439,16,8,2562,775476,76,476,89,2019-08-16,4,ศุกร์
149 912 563 580,1,8,2562,387006,6,6,58,2019-08-01,3,พฤหัสบดี
135 983 562 795,15,7,2562,369765,65,765,88,2019-07-15,0,จันทร์
355 901 113 556,1,7,2562,943647,47,647,86,2019-07-01,0,จันทร์
239 864 006 375,16,6,2562,174055,55,55,29,2019-06-16,6,อาทิตย์
625 884 127 800,1,6,2562,516461,61,461,46,2019-06-01,5,เสาร์
589 713 215 560,16,5,2562,962526,26,526,71,2019-05-16,3,พฤหัสบดี
669 949 018 828,2,5,2562,61324,24,324,25,2019-05-02,3,พฤหัสบดี
043 476 374 699,16,4,2562,570331,31,331,23,2019-04-16,1,อังคาร
512 930 966 968,1,4,2562,109767,67,767,52,2019-04-01,0,จันทร์
888 959 403 975,16,3,2562,724628,28,628,64,2019-03-16,5,เสาร์
148 883 154 877,1,3,2562,345650,50,650,65,2019-03-01,4,ศุกร์
137 999 830 837,16,2,2562,74824,24,824,56,2019-02-16,5,เสาร์
881 910 612 879,1,2,2562,967134,34,134,4,2019-02-01,4,ศุกร์
643 779 197 948,17,1,2562,197079,79,79,65,2019-01-17,3,พฤหัสบดี
206 412 127 660,30,12,2561,735867,67,867,2,2018-12-30,6,อาทิตย์
031 913 701 884,16,12,2561,356564,64,564,62,2018-12-16,6,อาทิตย์
480 948 297 369,1,12,2561,21840,40,840,67,2018-12-01,5,เสาร์
045 307 561 988,16,11,2561,989903,3,903,16,2018-11-16,4,ศุกร์
471 930 140 876,1,11,2561,149840,40,840,58,2018-11-01,3,พฤหัสบดี
384 576 046 509,16,10,2561,200515,15,515,93,2018-10-16,1,อังคาร
186 392 192 212,1,10,2561,452643,43,643,99,2018-10-01,0,จันทร์
594 726 561 810,16,9,2561,149760,60,760,79,2018-09-16,6,อาทิตย์
323 539 155 297,1,9,2561,734510,10,510,26,2018-09-01,5,เสาร์
464 512 097 202,16,8,2561,586117,17,117,10,2018-08-16,3,พฤหัสบดี
340 670 591 815,1,8,2561,386602,2,602,78,2018-08-01,2,พุธ
832 903 549 726,16,7,2561,596324,24,324,27,2018-07-16,0,จันทร์
403 530 138 362,1,7,2561,963623,23,623,83,2018-07-01,6,อาทิตย์
429 901 210 217,16,6,2561,223131,31,131,46,2018-06-16,5,เสาร์
432 507 132 868,1,6,2561,988117,17,117,95,2018-06-01,4,ศุกร์
310 553 248 650,16,5,2561,75629,29,629,20,2018-05-16,2,พุธ
130 357 047 506,2,5,2561,248038,38,38,85,2018-05-02,2,พุธ
527 980 225 602,16,4,2561,739229,29,229,60,2018-04-16,0,จันทร์
273 654 076 526,1,4,2561,412073,73,73,85,2018-04-01,6,อาทิตย์
131 787 638 924,16,3,2561,218559,59,559,82,2018-03-16,4,ศุกร์
064 720 205 489,2,3,2561,759415,15,415,29,2018-03-02,4,ศุกร์
318 870 589 723,16,2,2561,309915,15,915,39,2018-02-16,4,ศุกร์
007 388 230 748,1,2,2561,26853,53,853,31,2018-02-01,3,พฤหัสบดี
106 947 181 519,17,1,2561,203823,23,823,50,2018-01-17,2,พุธ
624 799 236 397,30,12,2560,911234,34,234,98,2017-12-30,5,เสาร์
373 495 504 953,16,12,2560,955596,96,596,89,2017-12-16,5,เสาร์
616 836 290 938,1,12,2560,451005,5,5,33,2017-12-01,4,ศุกร์
303 626 257 601,16,11,2560,292391,91,391,98,2017-11-16,3,พฤหัสบดี
831 961 477 628,1,11,2560,533726,26,726,85,2017-11-01,2,พุธ
165 425 036 485,16,10,2560,413494,94,494,86,2017-10-16,0,จันทร์
180 971 128 287,1,10,2560,880714,14,714,52,2017-10-01,6,อาทิตย์
611 726 462 952,16,9,2560,170143,43,143,71,2017-09-16,5,เสาร์
172 647 340 388,1,9,2560,143224,24,224,65,2017-09-01,4,ศุกร์
345 679 195 278,16,8,2560,715431,31,431,37,2017-08-16,2,พุธ
115 302 253 945,1,8,2560,756519,19,519,36,2017-08-01,1,อังคาร
061 386 787 989,16,7,2560,820327,27,327,87,2017-07-16,6,อาทิตย์
584 835 390 823,1,7,2560,112360,60,360,26,2017-07-01,5,เสาร์
226 489 005 688,16,6,2560,943142,42,142,47,2017-06-16,4,ศุกร์
626 878 373 740,1,6,2560,53630,30,630,61,2017-06-01,3,พฤหัสบดี
121 218 581 881,16,5,2560,454891,91,891,53,2017-05-16,1,อังคาร
008 396 490 603,2,5,2560,8656,56,656,35,2017-05-02,1,อังคาร
573 949 773 923,16,4,2560,816729,29,729,40,2017-04-16,6,อาทิตย์
766 973 241 807,1,4,2560,392785,85,785,80,2017-04-01,5,เสาร์
020 057 500 709,16,3,2560,273863,63,863,92,2017-03-16,3,พฤหัสบดี
324 918 694 941,1,3,2560,978453,53,453,78,2017-03-01,2,พุธ
450 560 052 577,16,2,2560,229116,16,116,14,2017-02-16,3,พฤหัสบดี
128 464 375 953,1,2,2560,54672,72,672,42,2017-02-01,2,พุธ
066 807 426 628,17,1,2560,145157,57,157,25,2017-01-17,1,อังคาร
511 663 516 836,30,12,2559,377712,12,712,46,2016-12-30,4,ศุกร์
304 890 477 769,16,12,2559,435286,86,286,35,2016-12-16,4,ศุกร์
366 596 199 716,1,12,2559,86069,69,69,77,2016-12-01,3,พฤหัสบดี
513 873 148 450,16,11,2559,858383,83,383,44,2016-11-16,2,พุธ
040 682 558 570,1,11,2559,785438,38,438,86,2016-11-01,1,อังคาร
824 976 038 752,16,10,2559,571947,47,947,98,2016-10-16,6,อาทิตย์
692 885 032 587,1,10,2559,887102,2,102,33,2016-10-01,5,เสาร์
194 280 017 458,16,9,2559,240650,50,650,42,2016-09-16,4,ศุกร์
493 583 043 160,1,9,2559,638684,84,684,62,2016-09-01,3,พฤหัสบดี
334 335 630 669,16,8,2559,254004,4,4,33,2016-08-16,1,อังคาร
366 966 596 631,1,8,2559,272932,32,932,57,2016-08-01,0,จันทร์
538 983 472 871,16,7,2559,449764,64,764,55,2016-07-16,5,เสาร์
552 734 158 925,1,7,2559,82460,60,460,53,2016-07-01,4,ศุกร์
169 609 173 302,16,6,2559,73816,16,816,79,2016-06-16,3,พฤหัสบดี
251 804 321 749,1,6,2559,511825,25,825,14,2016-06-01,2,พุธ
111 775 880 937,16,5,2559,141737,37,737,98,2016-05-16,0,จันทร์
382 975 087 268,2,5,2559,399459,59,459,2,2016-05-02,0,จันทร์
238 403 046 671,16,4,2559,221609,9,609,87,2016-04-16,5,เสาร์
008 228 507 523,1,4,2559,66720,20,720,92,2016-04-01,4,ศุกร์
390 546 285 852,16,3,2559,134918,18,918,32,2016-03-16,2,พุธ
855 877 004 973,1,3,2559,439686,86,686,6,2016-03-01,1,อังคาร
426 530 155 743,16,2,2559,356364,64,364,98,2016-02-16,1,อังคาร
312 699 309 535,1,2,2559,927800,0,800,9,2016-02-01,0,จันทร์
625 999 054 076,17,1,2559,304371,71,371,50,2016-01-17,6,อาทิตย์
031 532 743 786,30,12,2558,8217,17,217,2,2015-12-30,2,พุธ
246 264 596 895,17,12,2558,930255,55,255,8,2015-12-17,3,พฤหัสบดี
140 250 094 638,1,12,2558,915350,50,350,78,2015-12-01,1,อังคาร
238 181 714 175,16,11,2558,795283,83,283,3,2015-11-16,0,จันทร์
241 028 643 802,1,11,2558,361211,11,211,45,2015-11-01,6,อาทิตย์
106 757 166 473,16,10,2558,968630,30,630,62,2015-10-16,4,ศุกร์
457 134 412 054,1,10,2558,594825,25,825,7,2015-10-01,3,พฤหัสบดี
175 918 440 799,16,9,2558,743148,48,148,6,2015-09-16,2,พุธ
435 209 375 084,1,9,2558,21094,94,94,89,2015-09-01,1,อังคาร
260 403 068 819,16,8,2558,33363,63,363,40,2015-08-16,6,อาทิตย์
781 227 624 648,1,8,2558,518677,77,677,53,2015-08-01,5,เสาร์
333 598 648 889,16,7,2558,121507,7,507,49,2015-07-16,3,พฤหัสบดี
761 461 830 294,1,7,2558,759049,49,49,26,2015-07-01,2,พุธ
565 814 081 567,16,6,2558,644742,42,742,5,2015-06-16,1,อังคาร
429 253 386 532,2,6,2558,388881,81,881,65,2015-06-02,1,อังคาร
314 700 876 969,16,5,2558,11421,21,421,38,2015-05-16,5,เสาร์
799 484 851 928,2,5,2558,543466,66,466,30,2015-05-02,5,เสาร์
818 163 366 195,16,4,2558,506260,60,260,38,2015-04-16,3,พฤหัสบดี
101 164 495 973,1,4,2558,605704,4,704,70,2015-04-01,2,พุธ
558 962 557 861,16,3,2558,48151,51,151,92,2015-03-16,0,จันทร์
339 622 623 757,1,3,2558,240237,37,237,34,2015-03-01,6,อาทิตย์
498 031 857 008,16,2,2558,1864,64,864,90,2015-02-16,0,จันทร์
843 103 825 392,1,2,2558,155537,37,537,79,2015-02-01,6,อาทิตย์
083 286 813 008,16,1,2558,244351,51,351,74,2015-01-16,4,ศุกร์
068 398 595 877,30,12,2557,461704,4,704,57,2014-12-30,1,อังคาร
853 982 535 950,16,12,2557,948354,54,354,90,2014-12-16,1,อังคาร
080 763 775 901,1,12,2557,480449,49,449,11,2014-12-01,0,จันทร์
820 380 580 161,16,11,2557,479804,4,804,25,2014-11-16,6,อาทิตย์
179 422 480 709,1,11,2557,206608,8,608,44,2014-11-01,5,เสาร์
607 203 855 979,16,10,2557,656409,9,409,94,2014-10-16,3,พฤหัสบดี
647 784 848 910,1,10,2557,375615,15,615,44,2014-10-01,2,พุธ
251 086 159 520,16,9,2557,772269,69,269,35,2014-09-16,1,อังคาร
112 257 342 790,1,9,2557,856763,63,763,22,2014-09-01,0,จันทร์
308 912 477 490,16,8,2557,662842,42,842,91,2014-08-16,5,เสาร์
639 912 187 633,1,8,2557,766391,91,391,82,2014-08-01,4,ศุกร์
349 576 623 637,16,7,2557,468728,28,728,45,2014-07-16,2,พุธ
104 944 117 205,1,7,2557,378477,77,477,39,2014-07-01,1,อังคาร
123 271 441 864,16,6,2557,673920,20,920,95,2014-06-16,0,จันทร์
158 140 639 576,1,6,2557,781198,98,198,18,2014-06-01,6,อาทิตย์
160 324 409 636,16,5,2557,87523,23,523,20,2014-05-16,4,ศุกร์
150 505 112 246,2,5,2557,103297,97,297,52,2014-05-02,4,ศุกร์
143 158 673 797,16,4,2557,153406,6,406,26,2014-04-16,2,พุธ
344 013 355 634,1,4,2557,28866,66,866,95,2014-04-01,1,อังคาร
186 499 835 938,16,3,2557,531404,4,404,79,2014-03-16,6,อาทิตย์
250 305 400 904,1,3,2557,906318,18,318,35,2014-03-01,5,เสาร์
116 537 753 798,16,2,2557,384245,45,245,1,2014-02-16,6,อาทิตย์
397 530 074 521,1,2,2557,180149,49,149,95,2014-02-01,5,เสาร์
406 492 888 976,16,1,2557,306902,2,902,52,2014-01-16,3,พฤหัสบดี
242 077 149 510,30,12,2556,561072,72,72,48,2013-12-30,0,จันทร์
513 750 503 275,16,12,2556,341767,67,767,79,2013-12-16,0,จันทร์
111 228 742 826,1,12,2556,168795,95,795,27,2013-12-01,6,อาทิตย์
734 766 074 980,16,11,2556,806925,25,925,28,2013-11-16,5,เสาร์
069 304 672 753,1,11,2556,739804,4,804,47,2013-11-01,4,ศุกร์
502 020 256 173,16,10,2556,963289,89,289,60,2013-10-16,2,พุธ
402 529 876 952,1,10,2556,647882,82,882,14,2013-10-01,1,อังคาร
576 324 650 028,16,9,2556,562684,84,684,63,2013-09-16,0,จันทร์
056 235 574 754,1,9,2556,548123,23,123,5,2013-09-01,6,อาทิตย์
281 570 800 045,16,8,2556,321327,27,327,20,2013-08-16,4,ศุกร์
417 945 448 201,1,8,2556,356435,35,435,82,2013-08-01,3,พฤหัสบดี
880 451 718 329,16,7,2556,566996,96,996,86,2013-07-16,1,อังคาร
352 210 584 526,1,7,2556,646905,5,905,51,2013-07-01,0,จันทร์
075 284 903 904,16,6,2556,289673,73,673,69,2013-06-16,6,อาทิตย์
390 098 114 502,1,6,2556,935489,89,489,90,2013-06-01,5,เสาร์
480 713 716 768,16,5,2556,687125,25,125,56,2013-05-16,3,พฤหัสบดี
034 261 390 945,2,5,2556,603458,58,458,7,2013-05-02,3,พฤหัสบดี
272 359 516 830,16,4,2556,843846,46,846,86,2013-04-16,1,อังคาร
834 862 906 828,1,4,2556,571688,88,688,53,2013-04-01,0,จันทร์
170 430 670 725,16,3,2556,968433,33,433,52,2013-03-16,5,เสาร์
860 959 175 529,1,3,2556,976241,41,241,37,2013-03-01,4,ศุกร์
972 721 133 775,16,2,2556,368257,57,257,9,2013-02-16,5,เสาร์
657 708 109 386,1,2,2556,565566,66,566,66,2013-02-01,4,ศุกร์
452 695 641 782,16,1,2556,820981,81,981,8,2013-01-16,2,พุธ
555 196 374 334,30,12,2555,302358,58,358,0,2012-12-30,6,อาทิตย์
589 864 126 832,16,12,2555,529524,24,524,72,2012-12-16,6,อาทิตย์
734 745 778 008,1,12,2555,110443,43,443,43,2012-12-01,5,เสาร์
434 553 489 303,16,11,2555,639500,0,500,15,2012-11-16,4,ศุกร์
576 560 804 627,1,11,2555,524694,94,694,63,2012-11-01,3,พฤหัสบดี
217 188 285 338,16,10,2555,281343,43,343,28,2012-10-16,1,อังคาร
152 089 396 868,1,10,2555,124025,25,25,58,2012-10-01,0,จันทร์
940 554 291 873,16,9,2555,540143,43,143,79,2012-09-16,6,อาทิตย์
242 752 123 770,1,9,2555,329997,97,997,7,2012-09-01,5,เสาร์
736 598 148 639,16,8,2555,683877,77,877,28,2012-08-16,3,พฤหัสบดี
032 612 775 730,1,8,2555,895590,90,590,50,2012-08-01,2,พุธ
820 599 796 745,16,7,2555,904050,50,50,11,2012-07-16,0,จันทร์
897 224 159 042,1,7,2555,915900,0,900,60,2012-07-01,6,อาทิตย์
715 656 530 611,16,6,2555,159373,73,373,51,2012-06-16,5,เสาร์
238 790 479 547,1,6,2555,882727,27,727,38,2012-06-01,4,ศุกร์
606 576 895 399,16,5,2555,814418,18,418,31,2012-05-16,2,พุธ
504 309 902 101,2,5,2555,889501,1,501,29,2012-05-02,2,พุธ
589 597 426 468,16,4,2555,583470,70,470,62,2012-04-16,0,จันทร์
216 088 722 754,1,4,2555,257562,62,562,69,2012-04-01,6,อาทิตย์
581 074 616 332,16,3,2555,607064,64,64,8,2012-03-16,4,ศุกร์
606 333 573 350,1,3,2555,222518,18,518,79,2012-03-01,3,พฤหัสบดี
295 135 711 199,16,2,2555,648684,84,684,18,2012-02-16,3,พฤหัสบดี
906 214 111 420,1,2,2555,320605,5,605,32,2012-02-01,2,พุธ
749 426 498 598,16,1,2555,451445,45,445,81,2012-01-16,0,จันทร์
328 150 941 639,30,12,2554,526402,2,402,65,2011-12-30,4,ศุกร์
168 026 541 597,16,12,2554,884178,78,178,21,2011-12-16,4,ศุกร์
784 235 651 295,1,12,2554,408147,47,147,2,2011-12-01,3,พฤหัสบดี
922 253 857 739,16,11,2554,997777,77,777,57,2011-11-16,2,พุธ
425 551 406 993,1,11,2554,805540,40,540,54,2011-11-01,1,อังคาร
771 380 065 221,16,10,2554,955756,56,756,83,2011-10-16,6,อาทิตย์
991 057 329 507,1,10,2554,511052,52,52,15,2011-10-01,5,เสาร์
957 104 189 499,16,9,2554,731198,98,198,28,2011-09-16,4,ศุกร์
384 645 812 589,1,9,2554,724533,33,533,85,2011-09-01,3,พฤหัสบดี
847 021 533 821,16,8,2554,536960,60,960,62,2011-08-16,1,อังคาร
814 345 074 005,1,8,2554,218756,56,756,12,2011-08-01,0,จันทร์
703 583 660 221,16,7,2554,116556,56,556,12,2011-07-16,5,เสาร์
227 052 534 609,1,7,2554,622953,53,953,51,2011-07-01,4,ศุกร์
390 160 780 463,16,6,2554,351276,76,276,88,2011-06-16,3,พฤหัสบดี
486 167 162 582,1,6,2554,562370,70,370,46,2011-06-01,2,พุธ
656 346 801 556,16,5,2554,406417,17,417,5,2011-05-16,0,จันทร์
700 044 071 889,2,5,2554,54136,36,136,85,2011-05-02,0,จันทร์
421 945 133 524,16,4,2554,825988,88,988,44,2011-04-16,5,เสาร์
263 213 397 593,1,4,2554,814931,31,931,1,2011-04-01,4,ศุกร์
723 584 040 036,16,3,2554,593331,31,331,96,2011-03-16,2,พุธ
209 945 463 737,1,3,2554,656037,37,37,97,2011-03-01,1,อังคาร
544 357 926 396,16,2,2554,481746,46,746,27,2011-02-16,2,พุธ
535 510 384 388,1,2,2554,610089,89,89,55,2011-02-01,1,อังคาร
596 361 121 432,16,1,2554,281062,62,62,23,2011-01-16,6,อาทิตย์
227 185 758 546,30,12,2553,884112,12,112,49,2010-12-30,3,พฤหัสบดี
936 153 186 933,16,12,2553,334380,80,380,24,2010-12-16,3,พฤหัสบดี
529 315 533 306,1,12,2553,181752,52,752,9,2010-12-01,2,พุธ
664 470 474 086,16,11,2553,813993,93,993,43,2010-11-16,1,อังคาร
763 979 907 129,1,11,2553,191100,0,100,59,2010-11-01,0,จันทร์
653 968 801 739,16,10,2553,621377,77,377,42,2010-10-16,5,เสาร์
310 518 385 872,1,10,2553,488372,72,372,2,2010-10-01,4,ศุกร์
091 996 003 246,16,9,2553,17422,22,422,66,2010-09-16,3,พฤหัสบดี
103 316 431 075,1,9,2553,354656,56,656,11,2010-09-01,2,พุธ
784 570 656 096,16,8,2553,911097,97,97,64,2010-08-16,0,จันทร์
986 578 448 689,1,8,2553,210008,8,8,10,2010-08-01,6,อาทิตย์
769 182 727 191,16,7,2553,180387,87,387,34,2010-07-16,4,ศุกร์
309 219 572 024,1,7,2553,480239,39,239,68,2010-07-01,3,พฤหัสบดี
893 450 918 961,16,6,2553,500104,4,104,73,2010-06-16,2,พุธ
200 628 681 816,1,6,2553,444874,74,874,81,2010-06-01,1,อังคาร
374 298 996 673,16,5,2553,480012,12,12,12,2010-05-16,6,อาทิตย์
293 151 770 008,2,5,2553,360371,71,371,6,2010-05-02,6,อาทิตย์
382 040 517 618,16,4,2553,211743,43,743,96,2010-04-16,4,ศุกร์
811 744 154 285,1,4,2553,959517,17,517,22,2010-04-01,3,พฤหัสบดี
174 663 447 040,16,3,2553,364222,22,222,97,2010-03-16,1,อังคาร
619 996 229 756,1,3,2553,215227,27,227,97,2010-03-01,0,จันทร์
457 627 374 470,16,2,2553,133707,7,707,3,2010-02-16,1,อังคาร
137 026 362 985,1,2,2553,186312,12,312,14,2010-02-01,0,จันทร์
936 577 694 403,16,1,2553,73577,77,577,67,2010-01-16,5,เสาร์
413 459 781 646,30,12,2552,994304,4,304,87,2009-12-30,2,พุธ
993 337 419 598,16,12,2552,685141,41,141,5,2009-12-16,2,พุธ
694 775 524 142,1,12,2552,776980,80,980,59,2009-12-01,1,อังคาร
937 188 412 252,16,11,2552,55986,86,986,58,2009-11-16,0,จันทร์
299 952 072 536,1,11,2552,689140,40,140,85,2009-11-01,6,อาทิตย์
366 923 642 465,16,10,2552,258487,87,487,0,2009-10-16,4,ศุกร์
174 135 226 122,1,10,2552,169387,87,387,6,2009-10-01,3,พฤหัสบดี
249 435 714 255,16,9,2552,202912,12,912,48,2009-09-16,2,พุธ
200 353 539 166,1,9,2552,15865,65,865,32,2009-09-01,1,อังคาร
435 447 446 924,16,8,2552,462933,33,933,96,2009-08-16,6,อาทิตย์
843 292 577 658,1,8,2552,154986,86,986,92,2009-08-01,5,เสาร์
688 239 421 374,16,7,2552,816,16,816,94,2009-07-16,3,พฤหัสบดี
005 177 356 836,1,7,2552,207542,42,542,66,2009-07-01,2,พุธ
233 107 799 385,16,6,2552,930456,56,456,15,2009-06-16,1,อังคาร
125 044 954 179,1,6,2552,777661,61,661,26,2009-06-01,0,จันทร์
242 097 240 642,16,5,2552,111411,11,411,54,2009-05-16,5,เสาร์
368 838 362 892,2,5,2552,294452,52,452,11,2009-05-02,5,เสาร์
222 549 947 301,16,4,2552,368415,15,415,33,2009-04-16,3,พฤหัสบดี
954 179 007 570,1,4,2552,816578,78,578,50,2009-04-01,2,พุธ
572 363 113 044,16,3,2552,268812,12,812,36,2009-03-16,0,จันทร์
228 929 424 063,1,3,2552,553091,91,91,67,2009-03-01,6,อาทิตย์
224 238 665 295,16,2,2552,38730,30,730,93,2009-02-16,0,จันทร์
961 939 115 434,1,2,2552,534533,33,533,69,2009-02-01,6,อาทิตย์
660 777 015 427,16,1,2552,743212,12,212,25,2009-01-16,4,ศุกร์
266 800 842 885,30,12,2551,218596,96,596,22,2008-12-30,1,อังคาร
094 197 831 984,16,12,2551,74114,14,114,25,2008-12-16,1,อังคาร
305 715 803 959,1,12,2551,205434,34,434,5,2008-12-01,0,จันทร์
013 260 617 957,16,11,2551,2612,12,612,20,2008-11-16,6,อาทิตย์
068 589 824 877,1,11,2551,272028,28,28,76,2008-11-01,5,เสาร์
285 333 421 929,16,10,2551,431277,77,277,98,2008-10-16,3,พฤหัสบดี
324 526 644 648,1,10,2551,882911,11,911,67,2008-10-01,2,พุธ
204 302 311 395,16,9,2551,12377,77,377,56,2008-09-16,1,อังคาร
378 534 557 691,1,9,2551,695993,93,993,9,2008-09-01,0,จันทร์
027 206 413 904,16,8,2551,380377,77,377,36,2008-08-16,5,เสาร์
161 445 457 744,1,8,2551,850348,48,348,11,2008-08-01,4,ศุกร์
236 386 408 913,16,7,2551,257374,74,374,41,2008-07-16,2,พุธ
344 401 486 576,1,7,2551,943671,71,671,50,2008-07-01,1,อังคาร
096 287 490 523,16,6,2551,729111,11,111,75,2008-06-16,0,จันทร์
339 345 639 870,1,6,2551,414875,75,875,35,2008-06-01,6,อาทิตย์
370 666 747 916,16,5,2551,329231,31,231,69,2008-05-16,4,ศุกร์
193 120 355 214,2,5,2551,453011,11,11,62,2008-05-02,4,ศุกร์
001 133 001 792,16,4,2551,982800,0,800,64,2008-04-16,2,พุธ
802 584 043 008,1,4,2551,12653,53,653,71,2008-04-01,1,อังคาร
124 195 200 586,16,3,2551,74946,46,946,33,2008-03-16,6,อาทิตย์
077 974 085 158,1,3,2551,936685,85,685,5,2008-03-01,5,เสาร์
056 085 371 691,16,2,2551,137054,54,54,80,2008-02-16,5,เสาร์
344 512 630 892,1,2,2551,212684,84,684,26,2008-02-01,4,ศุกร์
311 472 732 796,16,1,2551,556010,10,10,81,2008-01-16,2,พุธ
413 548 942 965,30,12,2550,595411,11,411,81,2007-12-30,6,อาทิตย์
267 490 741 787,16,12,2550,513501,1,501,96,2007-12-16,6,อาทิตย์
425 432 460 702,1,12,2550,113410,10,410,18,2007-12-01,5,เสาร์
418 485 627 659,16,11,2550,562481,81,481,73,2007-11-16,4,ศุกร์
130 198 752 844,1,11,2550,927907,7,907,88,2007-11-01,3,พฤหัสบดี
213 277 524 648,16,10,2550,32988,88,988,48,2007-10-16,1,อังคาร
158 663 685 846,1,10,2550,430667,67,667,76,2007-10-01,0,จันทร์
090 104 126 667,16,9,2550,499336,36,336,45,2007-09-16,6,อาทิตย์
247 273 604 608,1,9,2550,331810,10,810,69,2007-09-01,5,เสาร์
293 505 518 520,16,8,2550,476207,7,207,93,2007-08-16,3,พฤหัสบดี
234 236 312 424,1,8,2550,429924,24,924,29,2007-08-01,2,พุธ
006 048 885 962,16,7,2550,527384,84,384,77,2007-07-16,0,จันทร์
105 183 334 947,1,7,2550,565151,51,151,76,2007-07-01,6,อาทิตย์
146 287 638 949,16,6,2550,393194,94,194,41,2007-06-16,5,เสาร์
989 907 424 589,1,6,2550,836393,93,393,5,2007-06-01,4,ศุกร์
739 242 523 433,16,5,2550,232897,97,897,25,2007-05-16,2,พุธ
924 858 751 585,2,5,2550,430374,74,374,81,2007-05-02,2,พุธ
553 442 881 729,16,4,2550,405105,5,105,63,2007-04-16,0,จันทร์
013 987 866 522,1,4,2550,622780,80,780,93,2007-04-01,6,อาทิตย์
677 794 814 022,16,3,2550,876763,63,763,85,2007-03-16,4,ศุกร์
191 001 906 350,1,3,2550,742425,25,425,61,2007-03-01,3,พฤหัสบดี
949 294 942 801,16,2,2550,277859,59,859,95,2007-02-16,4,ศุกร์
625 607 979 384,1,2,2550,769925,25,925,56,2007-02-01,3,พฤหัสบดี
893 239 287 865,16,1,2550,838739,39,739,55,2007-01-16,1,อังคาร
293 263 845 803,30,12,2549,778584,84,584,7,2006-12-30,5,เสาร์
811 403 164 971,16,12,2549,147977,77,977,45,2006-12-16,5,เสาร์
439 694 647 197,1,12,2549,270052,52,52,12,2006-12-01,4,ศุกร์
621 462 091 236,16,11,2549,562856,56,856,94,2006-11-16,3,พฤหัสบดี
508 307 680 347,1,11,2549,910957,57,957,29,2006-11-01,2,พุธ
647 739 137 905,16,10,2549,264825,25,825,58,2006-10-16,0,จันทร์
903 092 358 832,1,10,2549,952335,35,335,92,2006-10-01,6,อาทิตย์
007 804 879 951,16,9,2549,217948,48,948,41,2006-09-16,5,เสาร์
916 290 864 121,1,9,2549,381761,61,761,44,2006-09-01,4,ศุกร์
600 693 093 626,16,8,2549,977486,86,486,91,2006-08-16,2,พุธ
221 305 230 103,1,8,2549,238654,54,654,88,2006-08-01,1,อังคาร
847 005 817 487,16,7,2549,512434,34,434,48,2006-07-16,6,อาทิตย์
989 098 518 432,1,7,2549,952890,90,890,65,2006-07-01,5,เสาร์
126 183 017 839,16,6,2549,100935,35,935,17,2006-06-16,4,ศุกร์
381 410 595 250,1,6,2549,810850,50,850,99,2006-06-01,3,พฤหัสบดี
526 149 382 664,16,5,2549,100344,44,344,71,2006-05-16,1,อังคาร
386 463 811 696,2,5,2549,24554,54,554,27,2006-05-02,1,อังคาร
006 438 082 117,16,4,2549,38564,64,564,49,2006-04-16,6,อาทิตย์
210 442 769 877,1,4,2549,738365,65,365,95,2006-04-01,5,เสาร์
064 955 301 522,16,3,2549,936177,77,177,30,2006-03-16,3,พฤหัสบดี
486 185 205 320,1,3,2549,582473,73,473,43,2006-03-01,2,พุธ
586 801 108 914,16,2,2549,317009,9,9,66,2006-02-16,3,พฤหัสบดี
784 240 135 280,1,2,2549,412729,29,729,87,2006-02-01,2,พุธ
915 720 149 384,16,1,2549,432747,47,747,79,2006-01-16,0,จันทร์
222 789 965 200,30,12,2548,492955,55,955,94,2005-12-30,4,ศุกร์
066 308 742 150,16,12,2548,449565,65,565,86,2005-12-16,4,ศุกร์
802 162 958 994,1,12,2548,388551,51,551,17,2005-12-01,3,พฤหัสบดี
072 764 027 770,16,11,2548,742518,18,518,80,2005-11-16,2,พุธ
502 741 887 137,1,11,2548,970577,77,577,98,2005-11-01,1,อังคาร
171 375 009 216,16,10,2548,41072,72,72,71,2005-10-16,6,อาทิตย์
346 913 410 269,1,10,2548,766482,82,482,24,2005-10-01,5,เสาร์
766 551 792 275,16,9,2548,214768,68,768,10,2005-09-16,4,ศุกร์
498 282 124 057,1,9,2548,316933,33,933,17,2005-09-01,3,พฤหัสบดี
123 338 969 047,16,8,2548,475560,60,560,68,2005-08-16,1,อังคาร
272 844 103 915,1,8,2548,961633,33,633,26,2005-08-01,0,จันทร์
055 152 386 272,16,7,2548,477452,52,452,13,2005-07-16,5,เสาร์
757 150 460 642,1,7,2548,9554,54,554,87,2005-07-01,4,ศุกร์
798 427 641 244,16,6,2548,793070,70,70,44,2005-06-16,3,พฤหัสบดี
806 021 074 605,1,6,2548,176893,93,893,35,2005-06-01,2,พุธ
176 579 616 405,16,5,2548,867134,34,134,97,2005-05-16,0,จันทร์
376 648 465 693,2,5,2548,772467,67,467,43,2005-05-02,0,จันทร์
017 383 815 073,16,4,2548,119327,27,327,10,2005-04-16,5,เสาร์
081 968 346 627,1,4,2548,815753,53,753,69,2005-04-01,4,ศุกร์
482 381 224 807,16,3,2548,196345,45,345,3,2005-03-16,2,พุธ
073 601 783 394,1,3,2548,800751,51,751,93,2005-03-01,1,อังคาร
681 714 998 669,16,2,2548,816422,22,422,53,2005-02-16,2,พุธ
086 356 192 065,1,2,2548,540054,54,54,34,2005-02-01,1,อังคาร
389 180 863 571,16,1,2548,335022,22,22,8,2005-01-16,6,อาทิตย์
689 291 039 479,30,12,2547,168858,58,858,28,2004-12-30,3,พฤหัสบดี
221 603 627 179,16,12,2547,479372,72,372,17,2004-12-16,3,พฤหัสบดี
288 075 999 183,1,12,2547,504658,58,658,69,2004-12-01,2,พุธ
139 014 984 691,16,11,2547,754622,22,622,64,2004-11-16,1,อังคาร
918 019 744 904,1,11,2547,185966,66,966,23,2004-11-01,0,จันทร์
862 137 745 661,16,10,2547,355858,58,858,62,2004-10-16,5,เสาร์
162 200 438 890,1,10,2547,110866,66,866,66,2004-10-01,4,ศุกร์
200 547 781 806,16,9,2547,923373,73,373,59,2004-09-16,3,พฤหัสบดี
295 888 774 867,1,9,2547,96597,97,597,70,2004-09-01,2,พุธ
709 929 014 456,16,8,2547,335921,21,921,59,2004-08-16,0,จันทร์
114 082 559 288,2,8,2547,868990,90,990,45,2004-08-02,0,จันทร์
956 811 510 377,16,7,2547,205588,88,588,25,2004-07-16,4,ศุกร์
696 726 461 154,1,7,2547,312471,71,471,66,2004-07-01,3,พฤหัสบดี
313 598 664 261,16,6,2547,208713,13,713,87,2004-06-16,2,พุธ
414 911 459 986,1,6,2547,614144,44,144,72,2004-06-01,1,อังคาร
990 776 425 992,16,5,2547,589207,7,207,13,2004-05-16,6,อาทิตย์
492 992 526 253,2,5,2547,653403,3,403,91,2004-05-02,6,อาทิตย์
385 550 822 101,16,4,2547,705832,32,832,12,2004-04-16,4,ศุกร์
008 966 634 721,1,4,2547,196391,91,391,62,2004-04-01,3,พฤหัสบดี
808 918 257 851,16,3,2547,615366,66,366,69,2004-03-16,1,อังคาร
779 094 478 830,1,3,2547,697483,83,483,50,2004-03-01,0,จันทร์
610 510 759 206,16,2,2547,698002,2,2,0,2004-02-16,0,จันทร์
877 309 798 072,1,2,2547,216822,22,822,77,2004-02-01,6,อาทิตย์
361 242 769 765,16,1,2547,731342,42,342,96,2004-01-16,4,ศุกร์
025 357 926 391,30,12,2546,739447,47,447,64,2003-12-30,1,อังคาร
654 435 743 216,16,12,2546,177947,47,947,87,2003-12-16,1,อังคาร
676 847 735 571,1,12,2546,991307,7,307,78,2003-12-01,0,จันทร์
945 719 559 217,16,11,2546,238511,11,511,68,2003-11-16,6,อาทิตย์
155 767 594 474,1,11,2546,941438,38,438,47,2003-11-01,5,เสาร์
866 156 216 264,16,10,2546,305500,0,500,3,2003-10-16,3,พฤหัสบดี
109 012 084 470,1,10,2546,912040,40,40,43,2003-10-01,2,พุธ
407 100 379 563,16,9,2546,600589,89,589,53,2003-09-16,1,อังคาร
909 356 996 494,1,9,2546,187813,13,813,92,2003-09-01,0,จันทร์
661 918 793 249,16,8,2546,354771,71,771,0,2003-08-16,5,เสาร์
496 271 206 624,1,8,2546,766098,98,98,91,2003-08-01,4,ศุกร์
733 856 007 460,16,7,2546,679545,45,545,75,2003-07-16,2,พุธ
049 589 281 363,1,7,2546,461414,14,414,91,2003-07-01,1,อังคาร
151 878 395 282,16,6,2546,389872,72,872,29,2003-06-16,0,จันทร์
605 995 922 006,1,6,2546,766066,66,66,36,2003-06-01,6,อาทิตย์
083 523 354 686,16,5,2546,552784,84,784,20,2003-05-16,4,ศุกร์
608 048 699 362,2,5,2546,135603,3,603,12,2003-05-02,4,ศุกร์
498 870 386 522,16,4,2546,892525,25,525,21,2003-04-16,2,พุธ
933 906 796 823,1,4,2546,933164,64,164,86,2003-04-01,1,อังคาร
467 863 732 902,16,3,2546,653062,62,62,64,2003-03-16,6,อาทิตย์
820 208 702 038,1,3,2546,441022,22,22,42,2003-03-01,5,เสาร์
322 026 707 628,17,2,2546,455578,78,578,61,2003-02-17,0,จันทร์
805 496 980 857,1,2,2546,456370,70,370,94,2003-02-01,5,เสาร์
661 429 806 229,16,1,2546,977085,85,85,6,2003-01-16,3,พฤหัสบดี
441 535 519 262,30,12,2545,895196,96,196,95,2002-12-30,0,จันทร์
191 116 689 609,16,12,2545,19682,82,682,67,2002-12-16,0,จันทร์
616 312 075 849,1,12,2545,968422,22,422,37,2002-12-01,6,อาทิตย์
298 088 337 809,16,11,2545,915344,44,344,55,2002-11-16,5,เสาร์
191 843 789 906,1,11,2545,505498,98,498,25,2002-11-01,4,ศุกร์
341 297 747 383,16,10,2545,428641,41,641,51,2002-10-16,2,พุธ
150 401 244 177,1,10,2545,802505,5,505,72,2002-10-01,1,อังคาร
864 567 358 189,16,9,2545,156050,50,50,85,2002-09-16,0,จันทร์
056 889 823 169,1,9,2545,994200,0,200,51,2002-09-01,6,อาทิตย์
126 799 046 395,16,8,2545,120108,8,108,57,2002-08-16,4,ศุกร์
705 173 953 147,1,8,2545,493438,38,438,88,2002-08-01,3,พฤหัสบดี
269 645 544 529,16,7,2545,340264,64,264,69,2002-07-16,1,อังคาร
304 632 539 034,1,7,2545,481447,47,447,24,2002-07-01,0,จันทร์
195 517 763 802,16,6,2545,73261,61,261,7,2002-06-16,6,อาทิตย์
472 156 662 845,1,6,2545,161149,49,149,2,2002-06-01,5,เสาร์
879 643 328 485,16,5,2545,598714,14,714,76,2002-05-16,3,พฤหัสบดี
765 725 394 508,2,5,2545,590664,64,664,56,2002-05-02,3,พฤหัสบดี
764 739 695 503,16,4,2545,522630,30,630,37,2002-04-16,1,อังคาร
586 949 997 085,1,4,2545,990543,43,543,57,2002-04-01,0,จันทร์
971 430 225 456,16,3,2545,659152,52,152,4,2002-03-16,5,เสาร์
370 066 707 943,1,3,2545,805590,90,590,55,2002-03-01,4,ศุกร์
748 715 434 856,16,2,2545,330853,53,853,92,2002-02-16,5,เสาร์
167 820 088 769,1,2,2545,633270,70,270,40,2002-02-01,4,ศุกร์
956 414 621 859,16,1,2545,709670,70,670,14,2002-01-16,2,พุธ
895 116 434 109,30,12,2544,729367,67,367,64,2001-12-30,6,อาทิตย์
873 974 611 107,16,12,2544,224675,75,675,19,2001-12-16,6,อาทิตย์
887 538 363 902,1,12,2544,737022,22,22,49,2001-12-01,5,เสาร์
713 461 773 925,16,11,2544,685706,6,706,74,2001-11-16,4,ศุกร์
339 976 600 275,1,11,2544,683472,72,472,52,2001-11-01,3,พฤหัสบดี
392 081 694 431,16,10,2544,975005,5,5,48,2001-10-16,1,อังคาร
070 626 110 670,1,10,2544,104154,54,154,15,2001-10-01,0,จันทร์
827 303 287 058,16,9,2544,616426,26,426,82,2001-09-16,6,อาทิตย์
995 806 291 089,1,9,2544,119067,67,67,14,2001-09-01,5,เสาร์
145 294 218 532,16,8,2544,690135,35,135,10,2001-08-16,3,พฤหัสบดี
217 717 900 588,1,8,2544,180597,97,597,11,2001-08-01,2,พุธ
602 086 864 848,16,7,2544,820715,15,715,50,2001-07-16,0,จันทร์
250 171 282 767,1,7,2544,107987,87,987,34,2001-07-01,6,อาทิตย์
364 296 985 546,16,6,2544,762394,94,394,75,2001-06-16,5,เสาร์
550 395 606 922,1,6,2544,113311,11,311,80,2001-06-01,4,ศุกร์
490 983 310 920,16,5,2544,91982,82,982,61,2001-05-16,2,พุธ
437 507 055 080,2,5,2544,205095,95,95,64,2001-05-02,2,พุธ
980 543 294 099,16,4,2544,140843,43,843,28,2001-04-16,0,จันทร์
031 952 800 378,1,4,2544,640998,98,998,49,2001-04-01,6,อาทิตย์
600 061 407 877,16,3,2544,633616,16,616,45,2001-03-16,4,ศุกร์
400 773 903 350,1,3,2544,836537,37,537,85,2001-03-01,3,พฤหัสบดี
356 147 292 380,16,2,2544,621267,67,267,47,2001-02-16,4,ศุกร์
155 275 673 305,1,2,2544,454703,3,703,13,2001-02-01,3,พฤหัสบดี
089 437 245 063,16,1,2544,737016,16,16,36,2001-01-16,1,อังคาร
358 515 778 035,30,12,2543,119451,51,451,31,2000-12-30,5,เสาร์
600 763 985 357,16,12,2543,969676,76,676,91,2000-12-16,5,เสาร์
555 267 313 605,1,12,2543,887956,56,956,56,2000-12-01,4,ศุกร์
454 664 170 933,16,11,2543,565311,11,311,10,2000-11-16,3,พฤหัสบดี
494 381 044 304,1,11,2543,93182,82,182,90,2000-11-01,2,พุธ
046 606 818 407,16,10,2543,620662,62,662,39,2000-10-16,0,จันทร์
276 607 133 372,1,10,2543,290582,82,582,26,2000-10-01,6,อาทิตย์
690 436 618 070,16,9,2543,46251,51,251,5,2000-09-16,5,เสาร์
933 806 860 230,1,9,2543,437367,67,367,52,2000-09-01,4,ศุกร์
952 290 365 474,16,8,2543,459013,13,13,57,2000-08-16,2,พุธ
087 378 155 120,1,8,2543,267540,40,540,18,2000-08-01,1,อังคาร
881 930 665 463,16,7,2543,931342,42,342,43,2000-07-16,6,อาทิตย์
397 237 739 656,1,7,2543,674071,71,71,29,2000-07-01,5,เสาร์
946 761 689 190,16,6,2543,825696,96,696,57,2000-06-16,4,ศุกร์
592 832 311 771,1,6,2543,592761,61,761,16,2000-06-01,3,พฤหัสบดี
716 705 981 810,16,5,2543,9315,15,315,56,2000-05-16,1,อังคาร
226 035 929 174,2,5,2543,70715,15,715,20,2000-05-02,1,อังคาร
422 287 979 740,16,4,2543,836777,77,777,63,2000-04-16,6,อาทิตย์
950 273 131 362,1,4,2543,963948,48,948,99,2000-04-01,5,เสาร์
477 535 511 018,16,3,2543,164311,11,311,65,2000-03-16,3,พฤหัสบดี
009 460 071 326,1,3,2543,997833,33,833,63,2000-03-01,2,พุธ
817 250 627 416,16,2,2543,729816,16,816,91,2000-02-16,2,พุธ
631 916 618 181,1,2,2543,530213,13,213,85,2000-02-01,1,อังคาร
109 926 094 597,16,1,2543,442183,83,183,82,2000-01-16,6,อาทิตย์
540 950 269 847,30,12,2542,51108,8,108,3,1999-12-30,3,พฤหัสบดี
061 263 540 301,16,12,2542,139853,53,853,30,1999-12-16,3,พฤหัสบดี
131 688 143 656,1,12,2542,669281,81,281,79,1999-12-01,2,พุธ
952 896 999 999,16,11,2542,764354,54,354,14,1999-11-16,1,อังคาร
978 723 324 293,1,11,2542,561335,35,335,3,1999-11-01,0,จันทร์
655 882 570 141,16,10,2542,410227,27,227,28,1999-10-16,5,เสาร์
468 304 750 467,1,10,2542,830676,76,676,80,1999-10-01,4,ศุกร์
287 215 167 234,16,9,2542,807506,6,506,46,1999-09-16,3,พฤหัสบดี
593 268 283 734,1,9,2542,591344,44,344,33,1999-09-01,2,พุธ
261 237 275 861,16,8,2542,340998,98,998,65,1999-08-16,0,จันทร์
696 333 371 111,1,8,2542,56860,60,860,98,1999-08-01,6,อาทิตย์
688 064 303 994,16,7,2542,70416,16,416,3,1999-07-16,4,ศุกร์
138 349 343 004,1,7,2542,386441,41,441,67,1999-07-01,3,พฤหัสบดี
152 987 001 211,16,6,2542,278794,94,794,63,1999-06-16,2,พุธ
917 422 859 742,1,6,2542,77626,26,626,8,1999-06-01,1,อังคาร
606 177 951 340,16,5,2542,618818,18,818,16,1999-05-16,6,อาทิตย์
843 074 884 870,2,5,2542,691483,83,483,45,1999-05-02,6,อาทิตย์
686 003 715 184,16,4,2542,625094,94,94,35,1999-04-16,4,ศุกร์
394 432 067 859,1,4,2542,479957,57,957,92,1999-04-01,3,พฤหัสบดี
713 471 858 670,16,3,2542,577278,78,278,63,1999-03-16,1,อังคาร
089 418 606 415,2,3,2542,660214,14,214,58,1999-03-02,1,อังคาร
645 612 927 479,16,2,2542,307213,13,213,41,1999-02-16,1,อังคาร
456 091 404 782,1,2,2542,342860,60,860,69,1999-02-01,0,จันทร์
361 048 735 752,16,1,2542,190611,11,611,13,1999-01-16,5,เสาร์
186 543 854 976,30,12,2541,464147,47,147,50,1998-12-30,2,พุธ
778 094 924 983,16,12,2541,181813,13,813,55,1998-12-16,2,พุธ
306 175 498 560,1,12,2541,836569,69,569,58,1998-12-01,1,อังคาร
115 075 944 200,16,11,2541,270744,44,744,20,1998-11-16,0,จันทร์
480 763 785 794,1,11,2541,920846,46,846,29,1998-11-01,6,อาทิตย์
081 316 044 289,16,10,2541,261080,80,80,74,1998-10-16,4,ศุกร์
461 935 755 695,1,10,2541,987844,44,844,18,1998-10-01,3,พฤหัสบดี
806 286 728 470,16,9,2541,65720,20,720,65,1998-09-16,2,พุธ
782 584 401 311,1,9,2541,872795,95,795,96,1998-09-01,1,อังคาร
316 042 551 060,16,8,2541,81784,84,784,91,1998-08-16,6,อาทิตย์
724 464 644 677,1,8,2541,748493,93,493,22,1998-08-01,5,เสาร์
015 001 771 862,16,7,2541,599991,91,991,52,1998-07-16,3,พฤหัสบดี
012 401 904 935,1,7,2541,595123,23,123,65,1998-07-01,2,พุธ
076 101 606 314,16,6,2541,858076,76,76,19,1998-06-16,1,อังคาร
235 316 219 533,1,6,2541,820088,88,88,67,1998-06-01,0,จันทร์
014 649 781 530,16,5,2541,840043,43,43,63,1998-05-16,5,เสาร์
984 258 981 950,2,5,2541,663807,7,807,72,1998-05-02,5,เสาร์
802 946 143 325,16,4,2541,146573,73,573,17,1998-04-16,3,พฤหัสบดี
202 153 705 664,1,4,2541,496930,30,930,66,1998-04-01,2,พุธ
454 563 882 786,16,3,2541,572701,1,701,79,1998-03-16,0,จันทร์
260 852 943 506,1,3,2541,236864,64,864,74,1998-03-01,6,อาทิตย์
867 285 127 562,16,2,2541,612897,97,897,69,1998-02-16,0,จันทร์
460 234 356 213,1,2,2541,665959,59,959,48,1998-02-01,6,อาทิตย์
381 685 788 941,16,1,2541,947195,95,195,34,1998-01-16,4,ศุกร์
425 185 833 792,30,12,2540,675704,4,704,65,1997-12-30,1,อังคาร
044 327 977 788,16,12,2540,294240,40,240,71,1997-12-16,1,อังคาร
975 762 142 408,1,12,2540,241559,59,559,86,1997-12-01,0,จันทร์
392 982 677 168,16,11,2540,875462,62,462,99,1997-11-16,6,อาทิตย์
539 573 730 038,1,11,2540,974201,1,201,39,1997-11-01,5,เสาร์
830 877 283 064,16,10,2540,405124,24,124,98,1997-10-16,3,พฤหัสบดี
280 356 459 125,1,10,2540,444413,13,413,24,1997-10-01,2,พุธ
808 689 746 698,16,9,2540,527514,14,514,98,1997-09-16,1,อังคาร
251 335 687 935,1,9,2540,83537,37,537,59,1997-09-01,0,จันทร์
132 319 658 716,16,8,2540,156967,67,967,30,1997-08-16,5,เสาร์
235 957 596 569,1,8,2540,54272,72,272,31,1997-08-01,4,ศุกร์
797 145 414 440,16,7,2540,509691,91,691,67,1997-07-16,2,พุธ
982 623 750 944,1,7,2540,676573,73,573,11,1997-07-01,1,อังคาร
909 620 412 092,16,6,2540,537146,46,146,61,1997-06-16,0,จันทร์
635 769 982 504,1,6,2540,643997,97,997,24,1997-06-01,6,อาทิตย์
507 918 784 060,16,5,2540,88067,67,67,52,1997-05-16,4,ศุกร์
510 621 896 769,2,5,2540,388437,37,437,38,1997-05-02,4,ศุกร์
025 656 056 728,16,4,2540,551450,50,450,92,1997-04-16,2,พุธ
654 165 279 085,1,4,2540,617629,29,629,52,1997-04-01,1,อังคาร
426 162 880 015,16,3,2540,100474,74,474,36,1997-03-16,6,อาทิตย์
444 822 705 214,1,3,2540,976779,79,779,98,1997-03-01,5,เสาร์
148 414 791 364,16,2,2540,499884,84,884,94,1997-02-16,6,อาทิตย์
716 247 533 315,1,2,2540,750792,92,792,57,1997-02-01,5,เสาร์
402 771 703 079,16,1,2540,151995,95,995,47,1997-01-16,3,พฤหัสบดี
612 257 020 381,30,12,2539,879454,54,454,26,1996-12-30,0,จันทร์
879 314 158 584,16,12,2539,593856,56,856,44,1996-12-16,0,จันทร์
381 755 608 438,1,12,2539,179528,28,528,66,1996-12-01,6,อาทิตย์
822 365 920 566,16,11,2539,951088,88,88,21,1996-11-16,5,เสาร์
168 349 580 577,1,11,2539,512694,94,694,24,1996-11-01,4,ศุกร์
290 432 255 964,16,10,2539,198019,19,19,18,1996-10-16,2,พุธ
082 270 865 824,1,10,2539,947788,88,788,97,1996-10-01,1,อังคาร
089 166 544 484,16,9,2539,814368,68,368,59,1996-09-16,0,จันทร์
889 818 976 400,1,9,2539,470136,36,136,2,1996-09-01,6,อาทิตย์
392 666 927 501,16,8,2539,352768,68,768,19,1996-08-16,4,ศุกร์
389 932 609 875,1,8,2539,151091,91,91,61,1996-08-01,3,พฤหัสบดี
646 650 833 669,16,7,2539,332687,87,687,91,1996-07-16,1,อังคาร
771 547 281 010,1,7,2539,625379,79,379,76,1996-07-01,0,จันทร์
666 298 094 543,16,6,2539,318311,11,311,21,1996-06-16,6,อาทิตย์
649 118 735 916,1,6,2539,869656,56,656,81,1996-06-01,5,เสาร์
422 126 961 584,17,5,2539,978140,40,140,75,1996-05-17,4,ศุกร์
321 443 718 523,2,5,2539,247351,51,351,54,1996-05-02,3,พฤหัสบดี
175 234 661 978,16,4,2539,49584,84,584,77,1996-04-16,1,อังคาร
435 222 155 052,1,4,2539,660765,65,765,90,1996-04-01,0,จันทร์
701 338 839 278,16,3,2539,19128,28,128,27,1996-03-16,5,เสาร์
673 796 694 526,1,3,2539,304855,55,855,72,1996-03-01,4,ศุกร์
760 664 443 945,16,2,2539,681455,55,455,49,1996-02-16,4,ศุกร์
977 664 428 779,1,2,2539,256556,56,556,26,1996-02-01,3,พฤหัสบดี
906 705 549 994,16,1,2539,318302,2,302,21,1996-01-16,1,อังคาร
882 444 661 971,30,12,2538,327686,86,686,4,1995-12-30,5,เสาร์
748 456 145 928,16,12,2538,952808,8,808,68,1995-12-16,5,เสาร์
732 540 639 064,1,12,2538,714426,26,426,74,1995-12-01,4,ศุกร์
516 427 387 073,16,11,2538,239422,22,422,85,1995-11-16,3,พฤหัสบดี
078 883 776 756,1,11,2538,282069,69,69,7,1995-11-01,2,พุธ
962 564 194 393,16,10,2538,322154,54,154,86,1995-10-16,0,จันทร์
924 192 716 233,1,10,2538,317092,92,92,76,1995-10-01,6,อาทิตย์
139 819 088 296,16,9,2538,876454,54,454,51,1995-09-16,5,เสาร์
558 297 582 802,1,9,2538,620837,37,837,83,1995-09-01,4,ศุกร์
693 872 255 644,16,8,2538,265333,33,333,51,1995-08-16,2,พุธ
235 455 618 342,1,8,2538,464819,19,819,59,1995-08-01,1,อังคาร
070 274 669 293,16,7,2538,248122,22,122,96,1995-07-16,6,อาทิตย์
571 085 303 758,1,7,2538,939901,1,901,19,1995-07-01,5,เสาร์
428 940 667 879,16,6,2538,46698,98,698,82,1995-06-16,4,ศุกร์
678 785 507 393,1,6,2538,105615,15,615,17,1995-06-01,3,พฤหัสบดี
374 735 168 688,17,5,2538,220381,81,381,55,1995-05-17,2,พุธ
460 597 511 488,2,5,2538,504692,92,692,88,1995-05-02,1,อังคาร
304 886 268 273,16,4,2538,53581,81,581,99,1995-04-16,6,อาทิตย์
560 968 681 376,1,4,2538,427039,39,39,6,1995-04-01,5,เสาร์
254 926 674 978,16,3,2538,646847,47,847,67,1995-03-16,3,พฤหัสบดี
225 044 091 220,1,3,2538,411454,54,454,71,1995-03-01,2,พุธ
034 019 022 152,16,2,2538,869070,70,70,95,1995-02-16,3,พฤหัสบดี
828 597 462 126,1,2,2538,198162,62,162,48,1995-02-01,2,พุธ
195 087 805 574,16,1,2538,922388,88,388,40,1995-01-16,0,จันทร์
186 667 253 002,30,12,2537,6284069,69,69,90,1994-12-30,4,ศุกร์
798 713 339 744,16,12,2537,5100040,40,40,50,1994-12-16,4,ศุกร์
654 129 766 544,1,12,2537,6832681,81,681,2,1994-12-01,3,พฤหัสบดี
342 923 448 043,16,11,2537,6095849,49,849,82,1994-11-16,2,พุธ
504 902 225 816,1,11,2537,1676779,79,779,76,1994-11-01,1,อังคาร
110 365 096 840,16,10,2537,7583048,48,48,79,1994-10-16,6,อาทิตย์
165 294 428 024,1,10,2537,7128442,42,442,23,1994-10-01,5,เสาร์
623 251 229 243,16,9,2537,4781931,31,931,88,1994-09-16,4,ศุกร์
046 255 164 886,1,9,2537,6220893,93,893,67,1994-09-01,3,พฤหัสบดี
891 718 949 701,16,8,2537,6504760,60,760,28,1994-08-16,1,อังคาร
303 724 897 677,1,8,2537,3114057,57,57,85,1994-08-01,0,จันทร์
396 149 026 758,16,7,2537,5962891,91,891,74,1994-07-16,5,เสาร์
424 686 628 622,1,7,2537,6568267,67,267,39,1994-07-01,4,ศุกร์
372 902 868 445,16,6,2537,1947355,55,355,53,1994-06-16,3,พฤหัสบดี
302 583 524 669,1,6,2537,3560804,4,804,17,1994-06-01,2,พุธ
474 564 989 164,16,5,2537,2071764,64,764,29,1994-05-16,0,จันทร์
093 544 535 746,2,5,2537,3072877,77,877,69,1994-05-02,0,จันทร์
535 317 170 521,16,4,2537,7893913,13,913,21,1994-04-16,5,เสาร์
785 982 151 594,1,4,2537,4269815,15,815,29,1994-04-01,4,ศุกร์
675 035 704 868,16,3,2537,1723336,36,336,19,1994-03-16,2,พุธ
382 166 515 185,1,3,2537,3373731,31,731,41,1994-03-01,1,อังคาร
082 631 008 820,16,2,2537,7679044,44,44,76,1994-02-16,2,พุธ
943 520 753 486,1,2,2537,5984685,85,685,5,1994-02-01,1,อังคาร
173 746 268 396,16,1,2537,4791270,70,270,23,1994-01-16,6,อาทิตย์
873 237 845 708,30,12,2536,2669189,89,189,72,1993-12-30,3,พฤหัสบดี
874 902 069 037,16,12,2536,4043500,0,500,69,1993-12-16,3,พฤหัสบดี
646 156 478 253,1,12,2536,3670638,38,638,98,1993-12-01,2,พุธ
294 139 959 608,16,11,2536,7515123,23,123,82,1993-11-16,1,อังคาร
410 507 184 112,1,11,2536,3908940,40,940,94,1993-11-01,0,จันทร์
701 103 895 626,16,10,2536,7611764,64,764,58,1993-10-16,5,เสาร์
254 216 684 566,1,10,2536,3415973,73,973,26,1993-10-01,4,ศุกร์
489 401 928 682,16,9,2536,4286755,55,755,11,1993-09-16,3,พฤหัสบดี
296 963 890 504,1,9,2536,2812096,96,96,0,1993-09-01,2,พุธ
738 227 181 218,16,8,2536,4088644,44,644,86,1993-08-16,0,จันทร์
030 260 200 033,1,8,2536,4137744,44,744,6,1993-08-01,6,อาทิตย์
273 778 446 905,16,7,2536,5686061,61,61,21,1993-07-16,4,ศุกร์
865 873 702 818,1,7,2536,3820203,3,203,29,1993-07-01,3,พฤหัสบดี
729 189 206 213,16,6,2536,2119871,71,871,39,1993-06-16,2,พุธ
146 955 961 223,1,6,2536,3488477,77,477,61,1993-06-01,1,อังคาร
813 645 011 815,16,5,2536,1633983,83,983,53,1993-05-16,6,อาทิตย์
109 740 812 606,2,5,2536,7749508,8,508,99,1993-05-02,6,อาทิตย์
532 916 661 783,16,4,2536,5632018,18,18,9,1993-04-16,4,ศุกร์
265 995 970 200,1,4,2536,5825558,58,558,89,1993-04-01,3,พฤหัสบดี
859 255 060 217,16,3,2536,7680699,99,699,98,1993-03-16,1,อังคาร
554 547 731 509,1,3,2536,4006281,81,281,19,1993-03-01,0,จันทร์
449 968 065 492,16,2,2536,7549455,55,455,41,1993-02-16,1,อังคาร
165 031 850 034,1,2,2536,7459337,37,337,21,1993-02-01,0,จันทร์
171 767 507 986,16,1,2536,5423816,16,816,25,1993-01-16,5,เสาร์
419 335 947 620,30,12,2535,6662150,50,150,23,1992-12-30,2,พุธ
510 563 810 795,16,12,2535,4826531,31,531,92,1992-12-16,2,พุธ
945 601 383 851,1,12,2535,7120927,27,927,65,1992-12-01,1,อังคาร
019 406 153 063,16,11,2535,3685682,82,682,45,1992-11-16,0,จันทร์
223 632 049 295,1,11,2535,6267821,21,821,35,1992-11-01,6,อาทิตย์
879 263 789 046,16,10,2535,3576993,93,993,79,1992-10-16,4,ศุกร์
412 312 037 964,1,10,2535,6379578,78,578,71,1992-10-01,3,พฤหัสบดี
752 765 654 300,16,9,2535,6874108,8,108,88,1992-09-16,2,พุธ
221 127 030 623,1,9,2535,1446615,15,615,68,1992-09-01,1,อังคาร
060 307 125 056,16,8,2535,6234607,7,607,91,1992-08-16,6,อาทิตย์
978 251 422 151,1,8,2535,6697778,78,778,86,1992-08-01,5,เสาร์
712 935 593 575,16,7,2535,7954430,30,430,87,1992-07-16,3,พฤหัสบดี
492 324 756 339,1,7,2535,5119968,68,968,56,1992-07-01,2,พุธ
999 813 561 702,16,6,2535,5569432,32,432,92,1992-06-16,1,อังคาร
392 880 914 221,1,6,2535,5184191,91,191,29,1992-06-01,0,จันทร์
169 351 245 729,16,5,2535,2827496,96,496,59,1992-05-16,5,เสาร์
333 738 246 890,2,5,2535,5765397,97,397,86,1992-05-02,5,เสาร์
079 444 732 104,16,4,2535,2699374,74,374,10,1992-04-16,3,พฤหัสบดี
836 662 139 325,1,4,2535,2244704,4,704,3,1992-04-01,2,พุธ
624 863 013 242,16,3,2535,1218353,53,353,48,1992-03-16,0,จันทร์
004 578 543 737,1,3,2535,7291524,24,524,60,1992-03-01,6,อาทิตย์
870 902 024 231,16,2,2535,1868701,1,701,94,1992-02-16,6,อาทิตย์
641 849 349 599,1,2,2535,5986924,24,924,63,1992-02-01,5,เสาร์
936 952 683 944,16,1,2535,1149428,28,428,18,1992-01-16,3,พฤหัสบดี
034 543 672 132,30,12,2534,3208301,1,301,76,1991-12-30,0,จันทร์
318 087 182 917,16,12,2534,7241436,36,436,88,1991-12-16,0,จันทร์
613 667 717 597,1,12,2534,1470741,41,741,5,1991-12-01,6,อาทิตย์
540 794 006 602,16,11,2534,4373528,28,528,8,1991-11-16,5,เสาร์
979 477 937 643,1,11,2534,7894285,85,285,78,1991-11-01,4,ศุกร์
516 537 183 272,16,10,2534,2078202,2,202,38,1991-10-16,2,พุธ
585 566 338 314,1,10,2534,2730444,44,444,96,1991-10-01,1,อังคาร
978 318 977 928,16,9,2534,4790449,49,449,18,1991-09-16,0,จันทร์
114 298 220 381,1,9,2534,6700430,30,430,49,1991-09-01,6,อาทิตย์
081 237 661 119,16,8,2534,3746551,51,551,89,1991-08-16,4,ศุกร์
845 377 044 182,1,8,2534,6580541,41,541,11,1991-08-01,3,พฤหัสบดี
459 509 753 947,16,7,2534,1671946,46,946,62,1991-07-16,1,อังคาร
822 846 951 882,1,7,2534,4441724,24,724,58,1991-07-01,0,จันทร์
771 134 196 766,16,6,2534,5364632,32,632,91,1991-06-16,6,อาทิตย์
370 785 761 268,1,6,2534,2496376,76,376,77,1991-06-01,5,เสาร์
318 303 485 804,16,5,2534,2532303,3,303,63,1991-05-16,3,พฤหัสบดี
931 269 688 802,2,5,2534,4222124,24,124,63,1991-05-02,3,พฤหัสบดี
536 296 630 836,16,4,2534,4824037,37,37,57,1991-04-16,1,อังคาร
565 711 970 206,1,4,2534,1606864,64,864,3,1991-04-01,0,จันทร์
819 416 103 008,16,3,2534,5891641,41,641,59,1991-03-16,5,เสาร์
540 715 527 866,1,3,2534,4598076,76,76,72,1991-03-01,4,ศุกร์
950 783 676 928,16,2,2534,3223780,80,780,33,1991-02-16,5,เสาร์
992 658 242 596,1,2,2534,5396496,96,496,75,1991-02-01,4,ศุกร์
079 455 458 087,16,1,2534,5328736,36,736,29,1991-01-16,2,พุธ
649 645 225 388,30,12,2533,2190949,49,949,5,1990-12-30,6,อาทิตย์
516 367 330 962,16,12,2533,4407799,99,799,21,1990-12-16,6,อาทิตย์
708 359 171 238,1,12,2533,4771944,44,944,88,1990-12-01,5,เสาร์
237 586 692 444,16,11,2533,1226536,36,536,6,1990-11-16,4,ศุกร์
426 020 721 050,1,11,2533,4380230,30,230,82,1990-11-01,3,พฤหัสบดี
